Title,Cap1,Cap2,Cap3
frame0-00-00.00.jpg,a large vase sitting in the dark on a table,a red stop light that is on in the dark,a white bowl with a purple substance in it
frame0-00-00.50.jpg,man in a yellow jacket standing by himself,a man in protective gear in a dirt field,a man riding a snowboard down a dirt road
frame0-00-01.00.jpg,a man standing in a field with trees and dirt,a man in a yellow jacket wearing gear walking on a dirt road,a man with his gear on standing in the dirt
frame0-00-01.50.jpg,a man standing in front of an open field,a man in a protective gear looks at the camera,this is a man that is riding an atv
frame0-00-02.00.jpg,a man standing in a dirt field wearing a catchers gear,a person in an orange and gray jacket on dirt road,a man with a glove on walking in the dirt
frame0-00-02.50.jpg,a man wearing an extreme vest is looking into the distance,a man in a vest standing on the side of the road,a man wearing an inflatable vest and standing by himself
frame0-00-03.00.jpg,a man is standing in the dirt with his shoulder protection gear on,a man holding a cell phone while standing on top of a dirt field,there is a man that is riding skis
frame0-00-03.50.jpg,the man in a vest is walking through the dirt,a man with a harness on wearing a backpack,a man standing in the middle of a dirt road
frame0-00-04.00.jpg,man in a yellow shirt and grey jacket wearing a helmet,the man is talking to the camera in his uniform,a man wearing a life jacket standing on the side of the road
frame0-00-04.50.jpg,this is a man wearing a safety device,a man in yellow shirt with safety equipment on,a man wearing gloves is outside in the dirt
frame0-00-05.00.jpg,a man standing on the sand next to some trees,a person in a yellow jacket with an orange and black jacket on,a man with a catchers mitt is standing in a dirt field
frame0-00-05.51.jpg,there is a person that is skiing in the snow,the man is standing outside and wearing goggles,a man with a protective gear is outside
frame0-00-06.01.jpg,a man wearing a catchers mitt and standing in the dirt,a man standing in the dirt with something in his hand,"a man on a cell phone, standing in a desert"
frame0-00-06.51.jpg,a man riding on top of a dirt bike,a person wearing a yellow and black shirt and gloves holding two tennis balls,a man is standing in the dirt in front of a field
frame0-00-07.01.jpg,the man is dressed in yellow and black riding his bike,a man riding on top of a motorcycle wearing protective gear,an extreme biker is riding through the countryside
frame0-00-07.51.jpg,a man in an old motorcycle suit and goggles is walking with his hands on his hips,a man holding onto something outside with trees in the background,a man on a motorcycle standing in the middle of a road
frame0-00-08.01.jpg,a man is walking with some gloves on,a man wearing an orange and gray jacket riding a dirt bike,a young man is preparing his motorcycle for a ride
frame0-00-08.51.jpg,a man holding an umbrella in his hands,a person with gloves that are standing in the dirt,a man is on the bike and is smiling
frame0-00-09.01.jpg,a man standing outside in the dirt near trees,a man wearing gloves on top of a dirt field,a man standing on dirt road next to a forest
frame0-00-09.51.jpg,a man standing in the dirt wearing gloves,the man in the yellow and black helmet is on his bike,a man standing on dirt road next to trees
frame0-00-10.01.jpg,a man that is sitting down with a bat,man standing in dirt holding a baseball bat,the man is holding his baseball bat while standing in the dirt
frame0-00-10.51.jpg,a man with a brown motorcycle helmet and protective vest,the man in orange jacket is riding on a horse,man walking in the dirt with an object in his hand
frame0-00-11.01.jpg,the man is preparing to go down the hill,a man holding a baseball bat and gloves in front of a dirt road,a man standing in the dirt holding a baseball bat
frame0-00-11.51.jpg,a man standing on a dirt road holding a baseball bat,a man holding a baseball bat on top of a field,a person that has a baseball bat in hand
frame0-00-12.01.jpg,a man holding a baseball bat in his hand,"a man wearing an arm guards and baseball gloves, standing in a dirt field with his bat in hand",a man is on a dirt road with an object
frame0-00-12.51.jpg,a man in a vest holding up an object,a man wearing a protective vest holds a baseball bat and points at the camera,a man on a dirt bike pointing to something
frame0-00-13.01.jpg,man in orange shirt standing next to bicycle with glove on,the man is holding up his hand to the camera,a man in a baseball uniform holding a bat
frame0-00-13.51.jpg,man with a helmet and glove standing by a motorcycle,a man holding a baseball bat with his left arm,man in an orange shirt has his hand up
frame0-00-14.01.jpg,the man is posing for the picture while in the dirt,a man holding something out on his shoulder,a man standing outside with a pair of gloves on his arm
frame0-00-14.51.jpg,a man is throwing frisbees in the desert,a man with a helmet and safety vest holding his arm up,a man standing next to a bike on a dirt field
frame0-00-15.02.jpg,a person with arm out in the desert,a man wearing an armor in a desert environment,a man is taking a selfie in the desert
frame0-00-15.52.jpg,man standing in dirt area holding up something,a man in a black and orange jacket with an animal,a man in an orange and black shirt holding his mitts
frame0-00-16.02.jpg,a man in a yellow shirt wearing white gloves,a man holding a banana in his hand in front of a park,a man standing in the middle of a field
frame0-00-16.52.jpg,a man standing next to a horse on top of dirt,a man is on the ground with a bike,man with an overhand glove taking a photo while on the sand
frame0-00-17.02.jpg,a man wearing a yellow shirt holding a baseball bat,a man is throwing a frisbee while wearing a protective suit,man holding something in his hand on the beach
frame0-00-17.52.jpg,man in an orange outfit with a motor bike,a man holding a pair of motorcycle gloves on his arm,a man holding his fist up and posing for a picture
frame0-00-18.02.jpg,man about to put on his bicycle helmet in a dirt field,the man is putting on gloves near his vehicle,a man poses with his arms crossed and holding a pole
frame0-00-18.52.jpg,man in a yellow outfit poses with a pole,a man holding a white glove on top of his arm,a man in a yellow and grey shirt and helmet holding a baseball bat
frame0-00-19.02.jpg,a man in a yellow vest stands holding a bat,man holding up something to his left and showing thumbs up,a man standing in the dirt with a glove
frame0-00-19.52.jpg,a man is holding something up to his ear,a man holding onto a baseball bat and glove,a man that is standing near a baseball bat
frame0-00-20.02.jpg,a man holding a baseball bat in the dirt,man holding baseball bat on dirt path in open field,a man in orange is holding up a baseball bat
frame0-00-20.52.jpg,a man holding a baseball bat and pointing to it,a man holding up his glove on a field,a man holding onto his helmet and baseball bat
frame0-00-21.02.jpg,a man is standing next to some baseball bats and balls,a man holding up his arm wearing a jacket,this is an image of man holding a baseball bat
frame0-00-21.52.jpg,man in gray and orange jacket holding onto a baseball bat,a man standing next to a motor cycle in the dirt,there is a man holding an umbrella while on a road
frame0-00-22.02.jpg,an image of a man with a bat in his hands,a man in his sports gear stands in front of a dirt road,there is a man that is on a skateboard
frame0-00-22.52.jpg,a man standing in the dirt holding an empty baseball bat,a person standing in front of an empty dirt field with a baseball bat,a man with a helmet and a baseball bat
frame0-00-23.02.jpg,a man with a helmet and a stick in his hand,the man is walking with a bat in his hands,man in orange and black jacket carrying baseball bat
frame0-00-23.52.jpg,a man with a baseball bat in his hand and wearing a helmet,a man holding a bat in his hand standing next to a dirt field,man on a dirt field carrying a baseball bat
frame0-00-24.02.jpg,the man is holding a baseball bat in his hand,the man is standing near a beach holding an object,a man is holding a baseball bat on a dirt field
frame0-00-24.52.jpg,a man standing in the dirt holding a baseball bat,a man with a bat posing for a picture,man with gear on walking across dirt field
frame0-00-25.02.jpg,the man stands with a stick in his hand,a man holding a baseball bat in the sand,a man holds a baseball bat while standing on the dirt
frame0-00-25.53.jpg,the man is holding his bat in one hand and wearing a protective suit,a man in a yellow jacket is standing near a baseball bat,there is a man holding a baseball bat
frame0-00-26.03.jpg,a man standing on a dirt road holding a bat,a person in orange shirt holding a baseball bat,a man holding a baseball bat and wearing a catchers mitt
frame0-00-26.53.jpg,a man in an astronaut suit holding onto a stick,a man is holding a baseball bat in a desert,a man holding a baseball bat while standing in front of a dirt road
frame0-00-27.03.jpg,a man is holding a baseball bat on a dirt ground,a man holding a baseball bat in the dirt,a man holding a baseball bat in a sandy area
frame0-00-27.53.jpg,a man is dressed in baseball equipment with gloves on,an older man holding a baseball bat near dirt road,a man standing in a field holding a baseball bat
frame0-00-28.03.jpg,a man holding a baseball bat in front of a dirt field,a man holding a baseball bat wearing a catchers glove,a man holding two large bats in both hands
frame0-00-28.53.jpg,a man that is holding a baseball bat,a man holding onto an old baseball bat,a man in a space suit carrying an object
frame0-00-29.03.jpg,a man in a body suit holding a baseball bat,a man holding a baseball bat on the dirt field,a man standing on a dirt road holding a baseball bat
frame0-00-29.53.jpg,the man is on the road holding a bat,a man holding an object by himself on a dirt road,man holding baseball bat in dirt field on sunny day
frame0-00-30.03.jpg,a man with his mouth open standing in the dirt with a helmet on,a man with a helmet on standing in the dirt,a man in protective gear holding a baseball bat
frame0-00-30.53.jpg,two women standing near each other in a park,two people with helmets and gloves holding baseball bats,a person holding onto something with their hand in the air
frame0-00-31.03.jpg,a man walking with a pair of skis behind him,there is a man in a yellow and black jacket with a motorcycle,a man in a uniform and helmet holding a large baseball bat
frame0-00-31.53.jpg,a man standing with his bicycle wearing a helmet,"man wearing protective gear, standing next to motorcycle",man standing on dirt road in space suit with a bat
frame0-00-32.03.jpg,a man is holding onto his bike while riding in the dirt,a man in a body suit riding a bicycle down a dirt road,a man standing with a baseball bat on a dirt road
frame0-00-32.53.jpg,a man standing in front of a dirt road holding a bat,a man standing in the dirt holding a baseball bat,the man is carrying a pair of skateboards in hand
frame0-00-33.03.jpg,a person in a yellow shirt holding up a bat,a man standing holding a bat in the desert,a man holding a tennis racquet on top of a sandy field
frame0-00-33.50.jpg,"a man with gloves and a helmet, is holding onto a baseball bat",the man holds a bat while standing on the dirt,a man is standing next to a dirt path
frame0-00-34.00.jpg,a man holding a helmet and a ski on his hand,a man in an orange vest holding a yellow parasail,man with helmet and goggles holding baseball bat
frame0-00-34.50.jpg,a man holding a baseball bat on a dirt road,a man in the woods on the beach holds a paddle,a man is holding two different motorcycles in his hands
frame0-00-35.00.jpg,man in an orange and white racing suit holding a motorcycle,a man in an orange shirt and gloves is near a motorcycle,man in orange and white outfit standing next to bicycle
frame0-00-35.50.jpg,a man in a yellow shirt holding a bat in his left hand,a person with an outstretched arm near a dirt road,the man is posing for a photo in his gear
frame0-00-36.00.jpg,a man on a dirt road wearing a vest and gloves,a man wearing a vest holding a bat,there is a man wearing a jacket and holding a baseball bat
frame0-00-36.50.jpg,man in the dirt holding a small bike,man standing on dirt road holding a bike,a man holding a bat in his left hand with another person behind him wearing gloves
frame0-00-37.00.jpg,the man is standing on top of a dirt road near a small bike,this is a picture of a man in a helmet and gear,a man with a bike in a field
frame0-00-37.50.jpg,a person riding a bicycle with a helmet on and a gloved hand,a young man is about to ride his bicycle,a man wearing a bib is standing next to his bike
frame0-00-38.00.jpg,a man standing next to a dirt road in a dry field,a man with an umbrella and a helmet,man standing on dirt road with baseball bat
frame0-00-38.51.jpg,a man standing in the sand next to a dirt road,a man standing in the desert holding his bicycle,a man holding a baseball bat on top of a dirt field
frame0-00-39.01.jpg,a man wearing gloves holding onto his motorcycle,a man holding a baseball bat and wearing a protective suit,a man in yellow is holding up an umbrella and riding his motorcycle
frame0-00-39.51.jpg,a man standing next to a motorcycle on a dirt road,a man walking in the dirt with his bike,a man standing with a skateboard in front of some trees
frame0-00-40.01.jpg,a man wearing a motorcycle outfit and carrying a motorbike,a man is standing in a dirt area holding a bicycle,a man with gloves and an object is standing near a dirt road
frame0-00-40.51.jpg,a man in a full motorcycle bodysuit riding down a dirt road,man holding an umbrella standing next to a motorcycle,a man in an orange and grey life jacket next to his bike
frame0-00-41.01.jpg,man on dirt bike holding a paddle and a glove,a man wearing an orange and black outfit next to his motorcycle,a man is holding something with both hands and standing near an empty road
frame0-00-41.51.jpg,a man in an old yellow outfit standing next to a motorcycle,a man standing next to a dirt road holding an aluminum bag,the man is dressed like he has a yellow uniform
frame0-00-42.01.jpg,the man in the yellow shirt is wearing a protective jacket,a man in yellow shirt holding onto a motorcycle,a man holds a baseball bat and helmet while wearing gloves
frame0-00-42.51.jpg,a man standing on a dirt path holding onto an object,a person on a bike and some dirt,a man in a yellow jacket standing next to a motor bike
frame0-00-43.01.jpg,man in an outdoor setting with a motorcycle on a dirt road,man walking with a helmet on while talking on a cell phone,a man riding on top of a dirt bike in the desert
frame0-00-43.51.jpg,man in a yellow jacket standing next to a bicycle,a man in a field with an umbrella on a dirt road,a man riding on the back of a bike with a helmet
frame0-00-44.01.jpg,a man wearing a helmet and goggles standing next to a bike,a person with a bike on dirt road,a person on a bike with trees in the background
frame0-00-44.51.jpg,a man holding a bicycle in a desert setting,a man in a motorcycle costume holding something,a man with no arms and glasses standing next to a motorcycle
frame0-00-45.01.jpg,a man riding on a dirt bike through a field,the man is holding a bicycle in his right hand,a man wearing a helmet with a bat
frame0-00-45.51.jpg,a man standing next to his bike wearing a bib,man is holding a baseball bat with an orange vest,man holding a tennis racquet on a dirt trail
frame0-00-46.01.jpg,a man standing in the dirt with a bicycle,a man in leather riding gear with a bike,a man holding a baseball bat standing next to a motorcycle
frame0-00-46.51.jpg,the man is standing in the middle of a dirt road holding his bicycle,a man wearing gloves standing next to a motorcycle,the man is standing next to his bike
frame0-00-47.01.jpg,a man holding something next to his bike on a dirt field,a man in black and yellow jacket with bike,a man in yellow jacket standing near a motorcycle
frame0-00-47.51.jpg,a man holding onto his bike outside in the desert,a man in full body gear holding something,a man standing near a dirt road with an umbrella
frame0-00-48.01.jpg,a man with a motorcycle on a dirt road,a man wearing a helmet and carrying a wooden stick,the man wearing an orange and black motorcycle jacket
frame0-00-48.52.jpg,a man with a helmet and gloves holding a bicycle,man on the beach with his helmet on and bike,a man standing outside holding onto his bike
frame0-00-49.02.jpg,a person on a dirt path with a bicycle,a man in a yellow jacket holding a bike,a man standing with his bike outside in the dirt
frame0-00-49.52.jpg,a person on a dirt bike with trees in the background,a man standing next to a bike on a dirt road,the man is riding a bike with a helmet on
frame0-00-50.02.jpg,a man holding onto a dirt road with trees in the background,a man on the road with a motorcycle helmet,a man with a bicycle outside during the day
frame0-00-50.52.jpg,a man wearing a yellow jacket holding an object,man walking with motorcycle and carrying helmet in open area,a man standing on top of a dirt covered field
frame0-00-51.02.jpg,a man in orange jacket with motorcycle helmet standing next to bike,a man holding a bat wearing baseball gloves and protective gear,a man wearing a full bike suit standing next to a bicycle
frame0-00-51.52.jpg,the man is holding something in his hand near a dirt road,a man in yellow jacket standing with a motor bike,a person that is in a dirt field
frame0-00-52.02.jpg,a man in a helmet and protective gear is next to his motorcycle,a man on a motorcycle in the middle of a dirt field,a man wearing protective gear is holding his bike
frame0-00-52.52.jpg,a man standing next to his bike on dirt road,man riding on a dirt bike in an arid area,a young man in orange vest holding up a motorcycle
frame0-00-53.02.jpg,a man in an orange and gray motorcycle is holding some dirt,a man on a dirt trail with a helmet and gloves on,a man in an orange jacket and a white and yellow helmet holds a black and gray baseball bat
frame0-00-53.52.jpg,a man holding onto some kind of baseball bat,a man holding onto a baseball bat while wearing a catchers mitt,the man in yellow is carrying a baseball bat
frame0-00-54.02.jpg,the man on the bike is carrying a baseball bat,the man in the yellow jacket is wearing his protective gear,a man is wearing an oncoming costume while posing for a camera
frame0-00-54.52.jpg,a man standing next to his bike wearing safety equipment,a man holding a bicycle with an off road bike behind him,a man holding a baseball bat standing in front of some trees
frame0-00-55.02.jpg,a man holding a baseball bat on the field,a man in an orange shirt with a baseball and a bat,a man wearing gloves standing in front of a dirt road
frame0-00-55.52.jpg,a man is standing with his baseball bat,"a person stands on a dirt road, in an orange and black shirt",a man holding an odd looking helmet and a bat
frame0-00-56.02.jpg,a person on a snowboard jumping in the air,a airplane flying over a grassy field on a clear day,"a man in the sky on a snowboard, with his board in the foreground"
frame0-00-56.52.jpg,the person is doing tricks on his dirt bike,a man on a dirt bike in the air doing stunts,a man riding a dirt bike through the air
frame0-00-57.02.jpg,a man jumps on his motorcycle in mid air,there is a man riding a motorcycle that is flying in the air,a man flying through the air while riding a dirt bike
frame0-00-57.52.jpg,the dirtbike is making a turn around the bend,a man rides on his dirt bike,dirt bike rider in the middle of a steep hill
frame0-00-58.02.jpg,a motorcross rider is making a jump on his bike,the motorcyclist is riding around a fence,man in yellow and white outfit on motor bike
frame0-00-58.53.jpg,a man riding a dirt bike on a desert,a man is jumping on top of his motor bike,a man riding on the back of a dirt bike
frame0-00-59.03.jpg,a person riding a bike down a dirt road,man on motor bike doing an extreme jump in desert,a person on a dirt bike riding down the hill
frame0-00-59.53.jpg,the man is riding his dirt bike through the field,a person riding a motor bike while driving on dirt,a man riding a motorcycle through a dirt covered field
frame0-01-00.03.jpg,a blurry photo shows a man on a motorcycle in the desert,a man sitting on his dirt bike in the middle of the country,a man standing behind a dirt bike with no helmet
frame0-01-00.53.jpg,the person in a full body run jacket is holding an instrument,the woman is wearing gloves and holding a baseball bat,a man holding a bat and wearing white gloves
frame0-01-01.03.jpg,the man holds up a bat and gloves to catch a frisbee,a man in an orange and black shirt with a baseball glove is standing next to a white and yellow motorcycle,a man holding a bat and glove on top of a dirt road
frame0-01-01.53.jpg,a man in protective gear holding a bike,a man in safety gear is holding a baseball bat,man holding a baseball bat and gloves in his hand
frame0-01-02.03.jpg,a woman in an orange jacket holding her bike,a person standing next to a bicycle on a dirt road,a man standing in front of a dirt field
frame0-01-02.53.jpg,a man holding a bike and looking at the camera,man standing in the middle of the road near a dirt trail,a man holding a bike on a dirt road
frame0-01-03.03.jpg,there is a man that is wearing an adult vest and riding a motorcycle,a man wearing protective gear is holding onto his bike,a man standing next to a dirt road holding a baseball bat
frame0-01-03.53.jpg,a man on a dirt bike gesturing,a man that is standing by some dirt,the man is on a motorcycle in the desert
frame0-01-04.03.jpg,a man walking along with a motorcycle in the foreground,the man is riding his bike outside in the desert,a man wearing a helmet holds a baseball bat in his hand
frame0-01-04.53.jpg,a young man wearing motorcycle clothing poses with his bike,the man is standing next to his bike,this is a man on his bike in the desert
frame0-01-05.03.jpg,a man in yellow and grey jacket on dirt road next to trees,"a man wearing safety gear, carrying a bike with a helmet",a person riding on a motorcycle in the dirt
frame0-01-05.53.jpg,the man is riding his bike in the desert,the man is walking a bicycle in a field,a man with an out of control hand holds up a motorcycle
frame0-01-06.03.jpg,a man riding on top of a dirt bike,a man standing near some dirt roads with a motorcycle,a man with gloves on standing next to a dirt road
frame0-01-06.53.jpg,a man holding a baseball bat on top of a dirt field,a man holding a baseball bat in his right hand,a man in riding gear holding a motorcycle
frame0-01-07.00.jpg,a man on a motorcycle standing in the dirt,man carrying something behind him wearing baseball gloves,a man is wearing gear with a baseball bat and glove
frame0-01-07.50.jpg,a man sitting on top of a dirt bike on a field,a man riding on the back of a dirt bike,a man standing next to his bike on a dirt road
frame0-01-08.00.jpg,a man with a helmet and gloves standing near his motorcycle,a man that is holding a bat in his hand,a man riding a bike on top of a dirt road
frame0-01-08.50.jpg,the man is holding a large bat on his hands,a man that is holding a bike by his hand,the man is riding his motorcycle on the dirt road
frame0-01-09.00.jpg,man holding a wooden walking stick in the dirt,a person holding onto a bike and wearing gloves,a man holding onto a piece of wood near the ground
frame0-01-09.50.jpg,a person in gear is holding up a helmet,a man stands near his bicycle in the desert,a man standing on a dirt road near a bike
frame0-01-10.00.jpg,a person standing holding onto a bike while wearing gloves,a man with his hand outstretched next to a bike,a man is holding onto a bicycle handlebar
frame0-01-10.50.jpg,"a person on a motorcycle outside, making a hand sign",the man is making a gesture on the beach,a man on dirt bike wearing gloves and gloves
frame0-01-11.00.jpg,a man in an orange and black suit waves while holding his bike helmet on his left hand,a man in a uniform poses for a picture with a bicycle,a man holding onto a bike as he holds something in one hand
frame0-01-11.50.jpg,a man in a yellow jacket and gloves stands by a motorcycle,a man on his bicycle looking to his right,a man in yellow and black shirt holding a bike and pointing at something
frame0-01-12.01.jpg,man on dirt road preparing to fly kite,a man on a dirt bike holding a baseball bat,a man is getting ready to go for a run in the desert
frame0-01-12.51.jpg,a man in the mud with a handle bar on his hand,a man in a yellow and black outfit with a baseball bat,the man is holding onto something that appears to be flying in the air
frame0-01-13.01.jpg,a man holding a helmet and glove and giving a peace sign,the man is holding onto his helmet and waving,a man in yellow is holding something in his hands
frame0-01-13.51.jpg,a man is standing next to a dirt road and trees holding a stick and wearing gloves and vest,a man is wearing protective gear on a dirt road,man about to take off from a kite
frame0-01-14.01.jpg,a young man riding on top of a dirt field,man is outside riding his bicycle and talking on his cellphone,a man with a baseball bat and glove
frame0-01-14.51.jpg,a man holding a small object in his hand,a man who is holding his bike looking around,a man wearing a yellow jacket holds something in his hand and points
frame0-01-15.01.jpg,a man on a dirt road getting ready to go skiing,a man is holding onto something in his hands,a man holding a baseball bat and glove
frame0-01-15.51.jpg,a man that is on a dirt road with a motorcycle,the man is riding a bicycle wearing a helmet and gloves,a man with a glove on standing next to a motorcycle
frame0-01-16.01.jpg,man wearing an orange jacket holding a bat on a dirt road,there is a man in a motorcycle suit waving and holding his fist,there is a man on a dirt bike giving the middle finger sign
frame0-01-16.51.jpg,a man in black and yellow standing next to a dirt road,a man on a dirt bike is waving something,a man holding his helmet on while walking with his motorcycle
frame0-01-17.01.jpg,a person that is standing with a bat,a person on the ground holding something near their hands,a person holding a motorcycle on a dirt road
frame0-01-17.51.jpg,a man with a motorcycle in a dirt field,the man is holding a bat and a baseball glove,a man holding onto an object near the desert
frame0-01-18.01.jpg,a man holds his motorcycle while wearing gloves,there is a man wearing a black helmet and yellow and gray jacket,a man holding a helmet and a baseball bat
frame0-01-18.51.jpg,a man with a black helmet and yellow vest,a man in yellow and black jersey holding a baseball bat,the man is preparing to fly his kite
frame0-01-19.01.jpg,a man standing in front of a dirt road holding a bat,man wearing an armor pointing to something behind his back,a man holding a baseball bat near a dirt road
frame0-01-19.51.jpg,the man is standing outside near a small dirt hill,the man is holding on to his helmet,a person holding a tennis racket and standing in a dirt field
frame0-01-20.01.jpg,a man standing with a helmet on and holding a motorcycle,a man holds a water bottle on the desert with trees in the background,a person that is standing in the dirt
frame0-01-20.51.jpg,a man wearing a hat while holding a motorcycle,a man standing with his bike at the dirt track,a man standing on top of a dirt field
frame0-01-21.01.jpg,a man standing outside holding onto a bike helmet and gloves,a man holding a baseball bat up to the camera,man holding on to a bike in a dirt field
frame0-01-21.51.jpg,man in an orange shirt holding a kite,a man standing in the dirt holding a red glove,there is a man in orange and grey shirt holding a kite
frame0-01-22.02.jpg,a man riding on the back of a motorcycle,man doing trick on motorcycle at an event,a person is in the air doing a trick on a motorcycle
frame0-01-22.52.jpg,a man riding an airplane on his foot,an airplane flying high up in the air,a silver plane flying in the sky on a sunny day
frame0-01-23.02.jpg,a person on a dirt bike flying through the air,man performing trick on motorcycle in the air,a man jumping his dirt bike in the air
frame0-01-23.52.jpg,man is riding his bike on the side of a dirt hill,a man is in the air on his bike,a man is riding a motorcycle in the dirt
frame0-01-24.02.jpg,a person riding on top of a red and yellow motorcycle,two dirt bikers with helmets and gear on a muddy road,a man on dirt bike on a hill
frame0-01-24.52.jpg,a man riding a dirt bike across a dirt field,a man in dirt gear riding on a red dirt bike,a man riding a red dirt bike in the dirt
frame0-01-25.02.jpg,a man that is holding some baseball bats,the man with the paint chip on his hand is pointing to something,a man holding up something with a baseball bat
frame0-01-25.52.jpg,a man is standing near a dirt road and talking on the phone,a person in a baseball uniform holding a baseball bat,a man in an orange and black jacket is holding a baseball bat and wearing a protective vest
frame0-01-26.02.jpg,man in an orange and white jersey carrying a black baseball bat,a man wearing sunglasses is carrying a baseball bat,a man is taking a selfie while holding a baseball bat
frame0-01-26.52.jpg,the man with glasses has a baseball bat,a man is walking outside with a baseball bat,a man wearing a helmet and holding a baseball bat
frame0-01-27.02.jpg,a man in yellow vest next to a black and red stick,man in yellow and grey outfit pointing at something,a man is standing with a baseball bat
frame0-01-27.52.jpg,a man holding a baseball bat in front of trees,a man holding a bat on top of a dirt field,man in wet suit standing with an axe and holding baseball bat
frame0-01-28.02.jpg,the man has his hand over his ear as he holds something up,a man holding a bat while wearing an orange and white shirt,a man drinking from a bottle in the middle of a desert
frame0-01-28.52.jpg,a person holding a baseball bat and sunglasses on,the man is drinking water from a bottle,a man in motorcycle gear holding up a water bottle
frame0-01-29.02.jpg,the man in yellow is holding up a baseball bat,a man that is in the dirt with a baseball bat,a man standing on top of a dirt field holding up a tennis racquet
frame0-01-29.52.jpg,a man in dirt gear is holding on to his helmet,a man holds a baseball bat in his left hand and a glove in his right,the man is wearing gloves on his wrist while he holds onto a baseball bat
frame0-01-30.02.jpg,a man holding a baseball bat while standing in the dirt,a man is holding a baseball bat on the sand,a man holding a baseball bat over his head
frame0-01-30.52.jpg,a man is standing next to a red bicycle,a man holding onto something in the dirt,a man holding a large red ball bat
frame0-01-31.02.jpg,the man is outside by his bike holding something to his mouth,a man holding a baseball bat next to a sand field,a man standing on top of a dirt road
frame0-01-31.52.jpg,a person holding a baseball bat in his hands,a man in gloves holding an object in front of his face,man standing next to a horse carrying something on its back
frame0-01-32.03.jpg,the man is holding up his hands with gloves on,a man in a yellow jacket is holding an object,a man in white gloves standing by a red car
frame0-01-32.53.jpg,a man standing by a baseball bat on dirt,"a man with gloves on, holding a motorcycle",a man holding a ball bat while standing next to a dirt road
frame0-01-33.03.jpg,man posing with baseball gloves and glove holding up hand in dirt field,the man is standing with his hands out to his side,a man wearing gloves holding a motorcycle handlebar
frame0-01-33.53.jpg,the man is wearing a yellow jacket holding a baseball bat,man in the desert with a helmet on,the man is holding onto his glove to get out of the sand
frame0-01-34.03.jpg,the person is holding his hands out and doing something,woman on dirt bike holding a white glove,man in yellow and white holding a baseball bat
frame0-01-34.53.jpg,a man that is standing next to a pink bike,the man is putting something in his hand near a dirt road,a man in yellow is holding onto a bat
frame0-01-35.03.jpg,man with a glove and helmet near a bike,the man holds his gloves over his eyes,a man is holding something up in the air
frame0-01-35.53.jpg,a man holding a piece of cloth over a motorcycle,there is a man holding a glove while on a road,the man in yellow holds a glove next to an object
frame0-01-36.03.jpg,the man is holding something in his hand outside,a man in yellow and white jacket holding up something,a man stands on dirt while holding something in his hands
frame0-01-36.53.jpg,a man in a baseball uniform holding an airplane wing,a man holding a baseball bat while standing in the dirt,a man holding a baseball bat over a dirt field
frame0-01-37.03.jpg,the man is riding on a bike holding an object,a man on a dirt bike with trees in the background,man in orange jacket riding on a red motorcycle
frame0-01-37.53.jpg,man with baseball glove and glove on near dirt path,a person in an orange outfit with his glove on,a man in yellow shirt standing in dirt field
frame0-01-38.03.jpg,a man is holding a baseball bat and wearing a glove,a man in an orange shirt holding something in his hands,a man in a yellow shirt holding up his baseball glove
frame0-01-38.53.jpg,a man holding a teddy bear next to a motorcycle,the person holds a stuffed animal up to his ear,a man in a bike outfit is holding something
frame0-01-39.03.jpg,there is a man wearing motorcycle gear holding something,a person holding a motorcycle in the dirt,man is holding a bat standing in the dirt
frame0-01-39.53.jpg,"the man stands near a dirt road, holding a bicycle",a man holding onto a bicycle with another person standing nearby,a young man wearing protective gear in front of trees and dirt
frame0-01-40.03.jpg,a man holding a bat over his shoulder and wearing a protective uniform,the man is holding a baseball bat on a dirt field,a man wearing a yellow and black uniform holding a baseball bat
frame0-01-40.50.jpg,the man is standing in front of the dirt road,a man in a yellow shirt holding onto some skis,a man standing in the dirt with his bicycle
frame0-01-41.00.jpg,there is a man with a helmet on holding a skateboard,a man with an ear piece holding onto his glove,the man is holding his bike in one hand
frame0-01-41.50.jpg,a man holds up an item in his right hand while standing next to a small dirt field,a man carrying a baseball bat standing on top of a dirt field,a man that is walking on some dirt
frame0-01-42.00.jpg,a person in full gear standing by a motorcycle,a man with baseball gloves stands next to his bat,a man with a bicycle helmet and glove next to a baseball bat
frame0-01-42.50.jpg,a man wearing protective gear with a baseball bat,a man holding a baseball bat next to his body,a man standing next to an adult holding a baseball bat
frame0-01-43.00.jpg,a person wearing a helmet and goggles is standing with a motorcycle,there is a man that is riding a bike,a man holding onto a bike with a helmet and gloves on
frame0-01-43.50.jpg,a person standing next to a bike on dirt,a man standing next to a bike on a dirt road,there is a man standing in front of a bicycle
frame0-01-44.00.jpg,a man in safety gear holding up a bike,a man in white gloves holding up a metal object,a man in a yellow shirt holding up a bicycle
frame0-01-44.50.jpg,the man is riding his motorcycle while holding a beer bottle,a man riding a bike down a dirt road,man in the desert with a bike and helmet
frame0-01-45.00.jpg,a man in the woods with his bike,the man is holding the motorcycle with a helmet on,a man in yellow and black clothes holding a bike
frame0-01-45.51.jpg,a man wearing a helmet and holding a baseball bat,a man with a glove that is holding a baseball bat,a man with protective gear holding a bicycle
frame0-01-46.01.jpg,a man holds up a helmet and bat in an open area,a man stands next to a motorcycle with trees in the background,man standing in the dirt with a motorcycle
frame0-01-46.51.jpg,a man is holding onto a stick with something in his hand,a man holding a motorcycle helmet and carrying his bike,the man is holding his bike on his hands
frame0-01-47.01.jpg,the man holds a baseball bat and a protective device,a man standing on a dirt road with a baseball bat,a person in goggles standing by a motorcycle
frame0-01-47.51.jpg,a man wearing gloves holds up a skateboard and bicycle,a man in a yellow shirt and gloves with a baseball bat and glove,the man has a helmet and gloves on standing by his motorcycle
frame0-01-48.01.jpg,the man is riding a bicycle outside wearing safety equipment,the cyclist in the orange jacket has an odd helmet on,a person is in a field with a bicycle
frame0-01-48.51.jpg,"the man has a helmet on, and a bicycle and has something on his hand",a man is getting ready to ride his bike,the man is looking at the camera while riding his bike
frame0-01-49.01.jpg,a man with a white glove is on a dirt road,a man standing near a dirt road holding onto his glove,a man stands next to a bicycle in the dirt
frame0-01-49.51.jpg,a person is riding his bike and holding something,a man in white gloves and an orange and black outfit standing next to a bicycle,a person wearing some gloves next to a bicycle
frame0-01-50.01.jpg,a man in black holding an orange bike helmet,a man standing by a bike holding a cell phone,a man with gloves holding onto a bicycle
frame0-01-50.51.jpg,a man riding on a bike holding a piece of luggage,man in yellow jacket holding onto an electronic device,a man riding a bicycle on a dirt road
frame0-01-51.01.jpg,a man in a yellow and black outfit is next to a bike,man in orange and black gear holding onto a handlebar,a man standing by his bike holding the handlebar of his bike
frame0-01-51.51.jpg,a man in dirt gear holding a bicycle,a man in white gloves standing next to his bike,a person standing with a bike and waving
frame0-01-52.01.jpg,a person holding a motorcycle on top of a field,the man is standing in front of the bike,a person standing next to a bike with a helmet on
frame0-01-52.51.jpg,a woman holding her bicycle and making a stop sign,a man that is holding something and wearing gloves,a man on a bike with his hand out
frame0-01-53.01.jpg,the man is holding his bicycle out with a glove,man in orange outfit standing next to bike in dirt area,a man with some gloves and gloves in the dirt
frame0-01-53.51.jpg,a man is standing in the dirt with a glove,a man with his arm around a motorcycle,a man in the middle of dirt holding something in his hand
frame0-01-54.01.jpg,man holding up a piece of metal next to his bike,a man is holding his bike while he is driving,man wearing a vest standing by his bike with something in the palm of his hand
frame0-01-54.51.jpg,a man riding a motorcycle on top of a dirt road,a man that is holding something in his hand,a man that is holding onto something on a bike
frame0-01-55.01.jpg,a man in riding gear and his bike,there is a male riding a bike holding a plastic cup,a man is holding a hot dog while riding a motorcycle
frame0-01-55.52.jpg,a man holding a glass standing in a dirt road,the man is riding his bike holding some food,man wearing an apron holds two different items on his arm
frame0-01-56.02.jpg,a man is holding a bird on his arm,a man riding on the back of a dirt bike,a man sitting on a bike holding a banana
frame0-01-56.52.jpg,a man holding on to something in one hand,a man holding onto his dirt bike while pointing at the camera,the man is riding his motorcycle in the dirt
frame0-01-57.02.jpg,a man wearing riding gear on a dirt road,a man holding a bicycle on a dirt road,a man holding a bike with two bags on his back
frame0-01-57.52.jpg,man wearing goggles holding a hot dog on his arm,a man is holding a piece of bread and standing next to a bicycle,a man is holding something up while standing next to a bike
frame0-01-58.02.jpg,a man wearing gloves is next to a bicycle,man in gray shirt standing next to bike with orange handles,a man is standing by a bike in the desert
frame0-01-58.52.jpg,a man is holding up a small item in one hand and wearing a helmet,man on motor bike holding bread with one hand,a man on a dirt road holding food and a bicycle
frame0-01-59.02.jpg,a man wearing white gloves and yellow shirt riding a motorcycle,a man standing next to a bike in the desert,a man in black jacket holding a bike and wearing a catchers mitt
frame0-01-59.52.jpg,a man standing in a dirt field holding a motorcycle glove,the man is holding something and talking on the phone,a man standing on top of a dirt covered field
frame0-02-00.02.jpg,a man that is holding something in his hands,a man on a dirt field holding something near his hand,a man holding two gloves on his bike
frame0-02-00.52.jpg,man with elbow pads sitting next to bike,a man holding a bag on a bicycle,the person with the gloves is standing next to a bike
frame0-02-01.02.jpg,this is an image of a man riding a bike,the man is wearing protective gear while riding his bike,a man sitting on a bike with one leg hanging down
frame0-02-01.52.jpg,a man is standing by his bike on a dirt road,a male in a black and yellow shirt with a helmet and gloves standing next to a bike,a man holding a bike while standing on top of a dirt road
frame0-02-02.02.jpg,a man on a bike poses in the desert,a man that is holding onto some kind of rope,the man is holding onto his bicycle in the dirt
frame0-02-02.52.jpg,a man in yellow and black outfit holding a bike,a man holding onto a bike in the dirt,a man holds his gloves on his arm while posing for a picture
frame0-02-03.02.jpg,a man with gloves on in the desert eating something,man wearing white gloves next to bike on desert field,a man holding a skate board near a dirt road
frame0-02-03.52.jpg,the man is riding his bike in the open space,a man riding his bike on a dirt road,a person in gloves standing in the dirt holding onto a pole
frame0-02-04.02.jpg,a man riding a bike on a dirt road,man on dirt trail holding up the handle bars on his bike,man with helmet holding bicycle gloves in dirt area
frame0-02-04.52.jpg,a man holding a baseball bat while standing on a dirt road,an older man holding his bicycle and a small dog,there is a male biker riding through the dirt
frame0-02-05.02.jpg,a man in a yellow and gray outfit is holding a white object,man in grey jacket preparing to launch a flying bird,a man holding an object in a field
frame0-02-05.53.jpg,a man holding a bike in one hand and another hand out,the man is wearing goggles and holding on to a bicycle,man holding a bike with his hands near the handlebars
frame0-02-06.03.jpg,a man on a bike in a dirt area,a man is posing for the camera with his bicycle,a man is holding his bike while he walks in the dirt
frame0-02-06.53.jpg,a man wearing protective gear next to a bicycle,a man with no helmet holds his bike,a male with a helmet and goggles in a dirt area
frame0-02-07.03.jpg,a man in yellow jacket with bicycle in dirt field,the man is standing next to his bike in the dirt,there is a man with an orange and white uniform on standing beside a bike
frame0-02-07.53.jpg,a man in motorcycle clothing and helmet standing with his bike,a man in a black and yellow shirt standing by a bike,a man is holding a bike in the middle of a dirt road
frame0-02-08.03.jpg,man standing near bike on dirt field next to trees,a man standing in the dirt with his bike,a man walking his bike in the dirt
frame0-02-08.53.jpg,a man wearing a jacket is standing near a bike,a man is on the dirt with his motorcycle,a man holding a bike with a gear strapped to it
frame0-02-09.03.jpg,a man holding a bicycle in the dirt,a man walking across a dirt road holding a motorcycle,a man is on the dirt with his bike
frame0-02-09.53.jpg,a man carrying a bike in the desert,man with snowboard and skis holding poles and jacket,a man standing next to a red motorcycle
frame0-02-10.03.jpg,a person on a motorcycle in a dirt field,a man wearing a helmet holding a baseball bat,a man holding a bike on top of a dirt field
frame0-02-10.53.jpg,man in yellow and black suit holding handlebars next to bike,man standing in dirt with bicycle at outdoor event,a man holding onto a bike in the dirt
frame0-02-11.03.jpg,man standing beside a bike on the dirt road,a man standing in the dirt with his bike,a man with a bike standing in a dirt lot
frame0-02-11.53.jpg,man standing in dirt area with bicycle on back,a man that is holding some kind of object,a man in yellow clothes holding a bicycle on the street
frame0-02-12.03.jpg,man in yellow and black jacket with a yellow bicycle,a man standing next to a bike while wearing gloves,a man is walking his bike down the dirt road
frame0-02-12.53.jpg,a man standing by a bicycle with another man holding the handlebar,a man wearing a yellow jacket standing next to a bicycle,a man riding a bike down a dirt road
frame0-02-13.03.jpg,the man is riding his bike while wearing an outfit,a person with skis on and a helmet,a man in an orange jacket is holding a surfboard
frame0-02-13.50.jpg,a young man is holding his bicycle and gesturing,a man standing in the desert holding his hand out,there is a man that is standing next to a bike
frame0-02-14.00.jpg,a man holding a baseball bat on a dirt field,the man on the dirt has his bicycle chained up,man riding bicycle on dirt path with dirt track and pine trees
frame0-02-14.50.jpg,a man wearing an orange jacket and a bicycle,man with bike helmet on in dirt area,"the man is wearing a helmet, a jersey and gloves"
frame0-02-15.00.jpg,a man in full racing gear standing next to a motorcycle,a man in yellow is holding a bicycle and looking at the camera,there is a man with a helmet on standing next to a bicycle
frame0-02-15.50.jpg,"a man with a helmet, jacket and skis standing next to his bike",there is a male athlete in a yellow jacket on the field,a person standing next to a bike in the dirt
frame0-02-16.00.jpg,a man standing with his bike in the dirt,man standing next to bicycle with helmet on and protective gloves,an individual wearing a life jacket standing with their bike
frame0-02-16.50.jpg,the man is riding his bike in a dirt area,a man walking in the dirt with a bicycle,a man on a dirt road holding an orange and yellow motorcycle handlebar
frame0-02-17.00.jpg,a man stands near an open dirt area while wearing an uniform,man walking behind a bicycle in the dirt,a man standing next to his bike on a dirt road
frame0-02-17.50.jpg,a person standing next to some trees near dirt,a person standing next to a motorcycle with trees in the background,a man standing on a dirt road holding a helmet and poles
frame0-02-18.00.jpg,a man holding a bike and a small motorcycle,a man carrying a motorcycle with an atv in the background,man carrying bike on dirt road surrounded by pine trees
frame0-02-18.51.jpg,a man in dirtsuit next to a bicycle,a man wearing a helmet is holding a bicycle in the desert,a person that is riding on a bike
frame0-02-19.01.jpg,the man is posing in his bike outfit,a man on dirt bike is posing for camera,the man is wearing a motorcycle outfit on his bike
frame0-02-19.51.jpg,a man in yellow shirt on dirt road next to bike,a man with his bike in a field,a man holding on to his bike with a dirt field in the background
frame0-02-20.01.jpg,a man holding a bike next to an open road,a young man stands with his bicycle on the dirt road,a male in an orange and black racing suit
frame0-02-20.51.jpg,a man with a yellow shirt on standing by a bike,a man walking his bike while holding onto the handle bars,man holding bike with helmet while standing on dirt field
frame0-02-21.01.jpg,man standing next to his bicycle in a dirt field,a man is standing near some trees with his bike,man in an orange and black motorcycle outfit
frame0-02-21.51.jpg,man with a yellow shirt on and protective gear walking next to his bike,a man wearing an orange and black suit next to a bike,man riding a bicycle with bike gear attached
frame0-02-22.01.jpg,the man is posing next to his bike,man wearing a jacket and shorts carrying a bike,a person with a motorcycle helmet holding two pieces of equipment
frame0-02-22.51.jpg,a man with a bike and a helmet walking away from the camera,a man in a yellow motorcycle outfit,a man wearing a motorcycle outfit and holding onto the handle bars
frame0-02-23.01.jpg,the cyclist is standing in the dirt with his bicycle,a man in full riding gear holding onto a bicycle,a man standing next to a bicycle in a dirt road
frame0-02-23.51.jpg,a man is holding a bike on his arm,a man in a yellow and black outfit holding a bike,a man holding an object on a bicycle
frame0-02-24.01.jpg,a man in yellow jacket next to a motorcycle,man holding a bike with two handles standing on a dirt road,a man wearing a jacket stands next to a bike
frame0-02-24.51.jpg,there is a male cyclist that is riding,the man is carrying a bicycle along the path,the man is walking with his bike in a dirt area
frame0-02-25.01.jpg,the young man is wearing his bike uniform,a man with a bicycle posing for a photo,the man in the yellow and black motorcycle jacket is holding onto a bicycle
frame0-02-25.51.jpg,a man is wearing a yellow shirt and carrying a bike,man in orange outfit standing next to bike,a man posing for the camera while holding onto his bike
frame0-02-26.01.jpg,a person standing next to a motorcycle,there is a male motorcyclist holding a bike on the road,man is riding a dirt bike with his helmet on
frame0-02-26.51.jpg,a man that is standing near a bike,a young man standing in the dirt with his bicycle,a man in yellow and white jacket walking with bike
frame0-02-27.01.jpg,a mountain in the dirt with trees around it,"a photo taken on a camera, showing the ground and the soil",a picture of some brown dirt and trees
frame0-02-27.51.jpg,a dirt hill in the desert with trees around,an image of a dirt road passing by trees,a mountain range with trees on top of it
frame0-02-28.01.jpg,a person riding on the back of a dirt bike,a man riding a dirt bike on a hill,a man riding a dirt bike up the side of a hill
frame0-02-28.52.jpg,a yellow fire hydrant sitting on top of a grass covered hillside,a man with a yellow vest walking in the dirt,a young boy riding a skateboard down a dirt hill
frame0-02-29.02.jpg,a man riding a bike down a hill,an image of two motorcycle riders on dirt,the motocross racer has just jumped over the hill
frame0-02-29.52.jpg,an orange truck with black wheels is riding on top of some dirt,a truck riding over some dirt with trees in the background,the airplane is flying through the air over dirt hills
frame0-02-30.02.jpg,a person on a motorcycle doing a trick,an image of a person in mid air doing tricks,a person riding a bike in the air with trees and hills behind
frame0-02-30.52.jpg,a motor bike riding through the air in front of trees,a motorcycle that is riding in the air over the dirt,a motorcyclist is jumping down hill in front of a group of trees
frame0-02-31.02.jpg,a view of an old country scene in the middle of nowhere,an abstract image of trees and a bull in the distance,a painting of trees is shown in this image
frame0-02-31.52.jpg,a person doing tricks on a motorcycle in a field,a person is doing a trick on a dirt bike,a person jumping high with a bike on a dirt course
frame0-02-32.02.jpg,a person performing a trick on a skateboard on the ground,a person flying through the air on a skateboard,a man flying through the air while riding a skateboard
frame0-02-32.52.jpg,a motorcycle rider performing a jump while jumping,a person is riding a dirt bike up in the air,person doing stunt on bike in midair over trees
frame0-02-33.02.jpg,a blurry photo of a person riding a motorcycle,blurry photo of motorcyclists in the woods,a blurry picture shows a yellow bird in a tree
frame0-02-33.52.jpg,a man riding on the back of a dirt bike,a person riding on a dirt bike,a man on a motorcycle on a dirt track
frame0-02-34.02.jpg,a man wearing a yellow jacket is skiing in the mountains,a blurry image of a man in a blue jacket in the woods,the camera is watching someone in yellow attire
frame0-02-34.52.jpg,a man riding a motorcycle down a dirt hill,two people are riding motorcycles in the dirt,a view of the front end of a small motorcycle driving down a dirt road
frame0-02-35.02.jpg,an aerial view of a dirt field with trees,a car is riding down the desert road,an atv riding on top of a hill with trees in the background
frame0-02-35.52.jpg,a man flying through the air while riding a bike,a person jumping in the air on a bike,person doing aerial trick on his bike while on the dirt
frame0-02-36.02.jpg,a person parachutes in the blue sky on a clear day,kite in the air and a flag flying up above,a kite is soaring through the sky in the daytime
frame0-02-36.52.jpg,an extreme motorcyclist making a stunt on a dirt bike,a man riding a dirt bike through the air,a man doing a trick on a motorcycle
frame0-02-37.02.jpg,a motorcycle rider taking a high leap over a dirt field,a dirt bike rider doing a trick over the sand,a dirt bike rider is in the air performing tricks
frame0-02-37.52.jpg,a motor bike is flying through the sky over dirt,a stunt motorbike flying in the air,a person riding a motorcycle in the air over sand
frame0-02-38.02.jpg,a motorcycle rider jumps over a dirt road,two people riding motorcycles on a dirt trail,a motorcycle rider jumps in the air over the sand
frame0-02-38.53.jpg,two people are riding motor cycles in the dirt,a man riding a motorcycle across an empty field,a man on a motorcycle is going across a sand track
frame0-02-39.03.jpg,a man riding on top of a motorcycle down a sandy field,a young person wearing yellow and black riding a dirt bike,a child riding a skateboard in a park
frame0-02-39.53.jpg,two men in the air riding bikes with trees behind them,a man riding a motorcycle while in the air,a man on a motor bike doing a trick
frame0-02-40.03.jpg,a dirt bike rider is high in the air,a person doing a jump on a bike on a ramp,a motorcyclist performs tricks in the air on a hill
frame0-02-40.53.jpg,a person on a bike doing a jump on a hill,a person riding on a dirt bike on top of a hill,a man jumping in the air on a bike
frame0-02-41.03.jpg,a guy is kicking up dirt as he rides a motorcycle,there is a person riding on the dirt bike,a man that is riding on the back of a dirt bike
frame0-02-41.53.jpg,a man riding a dirt bike across a field,a person on a motorcycle riding down a dirt track,a guy riding a dirt bike down a hill
frame0-02-42.03.jpg,there is no image to describe on this page,a person is riding a dirt bike in the wild,a man riding on the back of a dirt bike
frame0-02-42.53.jpg,a dirt bike rider has his bike in the air,a man riding a dirt bike down a hill,a motorbike is racing across the desert
frame0-02-43.03.jpg,a dirt bike rider is riding down a dirt road,person riding a dirt bike on a course,a guy riding a motorcycle down a dirt road
frame0-02-43.53.jpg,the man is riding a dirt bike on the dirt trail,a person riding a dirt bike on a dusty road,the person on the motorcycle is going up a dirt hill
frame0-02-44.03.jpg,a man riding a dirt bike through a dirt field,a man on a dirt bike driving on a road,a person riding a dirt bike on a trail
frame0-02-44.53.jpg,a man riding a dirt bike on top of a hill,a dirt bike riding around some little rocks,a person in full gear riding a dirt bike
frame0-02-45.03.jpg,this person is riding his dirt bike on the field,a dirt bike rider is on his dirtbike,a man riding a motorcycle through the dirt
frame0-02-45.53.jpg,a person on a motorcycle riding in the sand,a man riding on the back of a dirt motorcycle,the man is on his dirt bike in the sand
frame0-02-46.03.jpg,a man riding on the back of a dirt bike,the motorcycle rider is riding in the desert,a person on a dirt bike riding down a desert road
frame0-02-46.53.jpg,a dirt biker with no shirt on is on a dirt trail,a dirt bike rider on a trail of dirt,man on dirt bike making sharp turn on trail
frame0-02-47.00.jpg,there is a person riding a bike in the dirt,a man on a dirt bike doing tricks,a man with a blue helmet on riding a motorbike
frame0-02-47.50.jpg,a vehicle is kicking up dust from the mud,a red truck that is driving down a road,the cars are driving through the dirt
frame0-02-48.00.jpg,a motorbike is sitting out in the sand,a motor bike parked in the desert next to a pile of luggage,three motorcycles on dirt with brush in the background
frame0-02-48.50.jpg,a person on a dirt bike doing tricks,there is a motorcycle in the air making a jump,motorcycle rider doing a trick in the air on a clear day
frame0-02-49.00.jpg,a skier performing an aerial stunt on a sunny day,a person on skis doing tricks in the air,person jumping on snow board in mid air over grass
frame0-02-49.50.jpg,a man on a motorcycle is in the air,an airplane is flying over trees and shrubs,a stunt rider has just jumped his bike upside down
frame0-02-50.00.jpg,a man on a bicycle is going down the street,a person on a board and some trees,an image of a car going down a road
frame0-02-50.50.jpg,a child on a bicycle in the dirt,a motorcyclist is racing down the dirt road,a man riding on the back of a dirt bike in a desert
frame0-02-51.00.jpg,a man riding on the back of a motorcycle,a person riding on the back of a dirt bike,an image of man riding on dirt bike
frame0-02-51.50.jpg,a person on a bike with an orange jersey and a helmet,person riding a dirt bike on open desert,a person rides a dirt bike across a field
frame0-02-52.01.jpg,two people riding a dirt bike on a desert road,a dirt bike racing around a bend in the road,people riding motorcycles on dirt path next to fence
frame0-02-52.51.jpg,a man riding a dirt bike on a trail,a person on a motorcycle on a dirt track,a person riding a motorcycle down a dirt road
frame0-02-53.01.jpg,a child on a motorcycle riding down a trail,a person is riding on a dirt bike on dirt,there is a person riding on a dirt bike
frame0-02-53.51.jpg,a dirt bike rider speeds around the track,man riding a dirt bike down a hill in the middle of nowhere,the man on the motorbike has jumped off his dirt bike
frame0-02-54.01.jpg,a dirt biker rides on the red dirt,a man in red and yellow gear riding a motorcycle,a man riding a dirt bike on top of a sandy field
frame0-02-54.51.jpg,a man on a dirt bike rides on a dirt hill,a person riding a dirt bike through the desert,a motorcyclist with an odd helmet riding a dirt bike
frame0-02-55.01.jpg,man on dirt bike going over the hill,person riding on dirt bike during the day,a man riding a red dirt bike on top of a dirt track
frame0-02-55.51.jpg,a motocross rider turning into a trick while riding,a motor cycle rider riding on the dirt road,a person riding on the back of a dirt bike
frame0-02-56.01.jpg,a man riding on the back of a dirt bike in the sand,the man is on a dirt bike in the field,the man is riding his bicycle on the trail
frame0-02-56.51.jpg,a person riding on the back of a dirt bike,a motorcyclist performs stunts in the desert,a man is riding his bike down the dirt
frame0-02-57.01.jpg,a dirt bike rider riding along the desert,a man riding a dirt bike on a dirt track,a dirt bike rider on top of a small hill
frame0-02-57.51.jpg,a man wearing a yellow and white outfit on top of a dirt bike,the motorcyclist is riding through a desert landscape,a dirt bike rider in an orange vest is riding through a dirt field
frame0-02-58.01.jpg,there is a male holding a ski that has been taken apart,the man is holding his parachute in his hand,a man holds up a helmet with a stick and a bat
frame0-02-58.51.jpg,man in striped jacket holding blue snowboard with black helmet,a man holding a blue helmet while walking through the desert,a man holding a skateboard while standing in the dirt
frame0-02-59.01.jpg,man in a yellow coat standing near a black motorcycle,a man is sitting down wearing a colorful jacket,man riding mountain bike in the desert on the trail
frame0-02-59.51.jpg,a man riding on the back of a motorcycle down a desert road,a person with a bike and other motor bikes,a man standing next to a dirt bike on a beach
frame0-03-00.01.jpg,a man riding a motorcycle in the desert,the man is riding a dirt bike in the desert,man riding on a dirt bike with helmet on
frame0-03-00.51.jpg,the man in yellow is riding his motorbike,a man on a motor bike is standing,a man holding onto a motorcycle while wearing gloves
frame0-03-01.01.jpg,a man standing on a dirt road wearing motorcycle gear,the man is standing in front of a motorcycle on the dirt,man walking down desert road wearing motorcycle gear
frame0-03-01.51.jpg,a man riding a motorcycle down a dirt road,the man in the yellow jacket is holding his motorcycle,a man standing on a dirt road next to a bike
frame0-03-02.02.jpg,a man wearing a motorcycle helmet on top of dirt,the man stands with his bike in a desert,there is a man standing near a motorcycle
frame0-03-02.52.jpg,man standing with his bicycle in the middle of nowhere,man in yellow jacket standing next to bike,a man standing next to a bike wearing a helmet and glove
frame0-03-03.02.jpg,"a man stands in the desert, with his motorcycle behind him",a man holding a motorcycle and pointing to the side,a man is riding on the dirt with his bike
frame0-03-03.52.jpg,a man riding a dirt bike across a desert field,a man that is standing next to a motorcycle,a man riding on the back of a dirt bike
frame0-03-04.02.jpg,a man standing near his bike in the desert,a man standing in a desert holding his bike,there is a man that is riding a dirt bike
frame0-03-04.52.jpg,a man standing with a snowboard in the desert,a man standing by some dirt bikes in the desert,the man in the yellow and black jacket is standing by a motorcycle
frame0-03-05.02.jpg,a man riding on the back of a motorcycle,a man stands with his motorcycle on the dirt,a person on a dirt bike in the desert
frame0-03-05.52.jpg,a man standing by his bike wearing gloves,the man is standing in front of his bike,a man with a helmet stands next to his bike
frame0-03-06.02.jpg,a young man is standing on a desert area with his motorcycle,a man in a yellow jacket riding a bike,a man in a yellow and gray jacket stands near his bike
frame0-03-06.52.jpg,there is a man standing next to his bicycle,a man in the desert holding a bicycle helmet,this is an image of man carrying his dirtbike
frame0-03-07.02.jpg,man holding a helmet while standing in the sand,a man standing next to a small motorcycle,a man on a motorbike with a helmet on is near dirt mounds
frame0-03-07.52.jpg,the man is standing by his bike and has no wheels,"a man standing in the desert, in front of an empty field with a motorcycle",man wearing helmet on dirt field next to motorcycle
frame0-03-08.02.jpg,there is a man holding a motorcycle in his hand,a man standing beside his bike in the sand,a man is holding his dirt bike in the desert
frame0-03-08.52.jpg,a man standing next to a motorcycle in the desert,man with bike in desert setting posing for camera,a person on a motorcycle on a dirt road
frame0-03-09.02.jpg,there is a man standing next to a motorcycle,the man is standing beside his motorcycle on the dirt,a man standing in the dirt holding onto his bike
frame0-03-09.52.jpg,a man in an orange and white shirt holding a bottle in his left hand,a man that is holding a bike on a dirt road,a man standing with his hand in a glove with the desert behind him
frame0-03-10.02.jpg,a man standing next to his dirt bike,man holding a helmet while standing next to his bike,man in yellow and black shirt standing beside his motorcycle
frame0-03-10.52.jpg,the man is looking at his motorcycle in the dirt,a person with a helmet and jacket on standing by a motorcycle,a man with bald head wearing a leather jacket
frame0-03-11.02.jpg,a man with protective gear standing next to his motorcycle,a man holding a motor bike in front of him,the man in a yellow and black bike outfit is talking to someone
frame0-03-11.52.jpg,a man is standing next to a bike,a man riding a motorcycle down a dirt road,a man with a helmet and gloves on holding a motor cycle
frame0-03-12.03.jpg,a man in dirt clothes standing next to a bike,a man in full dirt gear holds his bike,a man holding on to a motor bike
frame0-03-12.53.jpg,a man holding his motorcycle on a dirt trail,the man is standing beside his motorcycle,a man with a motocross outfit and helmet standing near a dirt bike
frame0-03-13.03.jpg,a man in full racing gear standing with his motorcycle,a man holds his glove while he talks to another man who is riding a motorcycle,a man in an orange and black jacket is holding a bike
frame0-03-13.53.jpg,man in motorcycle outfit getting ready to ride the bike,a man holding onto his helmet in the desert,man in yellow and black motorcycle outfit looking back at camera
frame0-03-14.03.jpg,a man standing in the dirt holding his bike with its front tire,the man is standing in the desert on his dirt bike,a man holding his motorcycle is talking to someone
frame0-03-14.53.jpg,a man holding his motorcycle in front of him,there is a man holding something up in his hands,this man is holding an object in the desert
frame0-03-15.03.jpg,a man holding up two different colored motorcycles,there is a person on a dirt bike in the desert,a guy is standing next to his dirt bike
frame0-03-15.53.jpg,a man holds his helmet while standing next to his motorcycle,a man in motorcycle gear standing in the dirt with his helmet,a man stands in the dirt with his motorcycle
frame0-03-16.03.jpg,there is a man that is standing by his motorcycle,a man wearing a racing outfit and gloves next to a dirt bike,a man standing in the dirt wearing motorcycle gear
frame0-03-16.53.jpg,man stands on dirt road next to his dirt bike,a man standing near a motorcycle on a dirt road,man in yellow and black jersey holding motorcycle gear
frame0-03-17.03.jpg,a man in the middle of a dirt road,the man is wearing helmet and gloves,a man holding a glove standing next to his motorcycle
frame0-03-17.53.jpg,a man in a yellow jacket holding a motorcycle helmet,a man standing on a dirt road next to his motorcycle,a man in orange jacket and helmet next to parked motorcycle
frame0-03-18.03.jpg,the man is standing in front of his bike,man holding dirt bike helmet on dirt road,a man with no helmet stands in the desert
frame0-03-18.53.jpg,a man standing by a motorcycle in the dirt,a man in an orange and black jacket holding a snow board,a man holds a dirt bike with two helmets on
frame0-03-19.03.jpg,a man holds a helmet and snow board in his hand,a person on a dirt bike in the desert,a man is standing in the dirt with a small motorcycle
frame0-03-19.53.jpg,a person standing with their dirt bike and smiling,a man standing next to a bike on top of a dirt field,man standing in front of dirt field holding snow equipment
frame0-03-20.03.jpg,the man is wearing a yellow vest and carrying a snowboard,a man holding something with his hands and a helmet,the man in the yellow jacket is holding up his skateboard
frame0-03-20.50.jpg,a man stands in a desert near his dirt bike,a man standing by a dirt bike in the desert,a man standing beside a motorcycle on the ground
frame0-03-21.00.jpg,the man in the hoodie has on a helmet and glove,a man in a yellow jacket with skis on,the man is standing by his motorcycle looking at the camera
frame0-03-21.50.jpg,the man in the hoodie stands next to his dirt bike,a man in an orange and black jacket holding up a snowboard,a man in an orange and yellow jacket standing on a desert
frame0-03-22.00.jpg,man with gloves on standing next to a dirt bike,a man standing next to a motorcycle in the dirt,a bald man standing in the sand with his bike
frame0-03-22.50.jpg,a man with his motorcycle in the desert,the man smiles while posing for a camera in front of dirt hills,a man with a ski pole in his hand
frame0-03-23.00.jpg,man holding up his helmet in the desert,a man in a yellow jacket stands next to a motorbike,man in dirt jacket standing near his motorcycle
frame0-03-23.50.jpg,a man standing with skis and helmet on the dirt,man holding two snowboards on sand dunes,a man is standing in the sand with his snow board
frame0-03-24.00.jpg,man riding his bike on a dirt trail,a man holding two snow skis next to his legs,a man in yellow and white is holding his snowboard
frame0-03-24.50.jpg,a man wearing a helmet holding his snow board,a man wearing gloves holding something with his hands,man posing for camera with motorcycle in open area
frame0-03-25.00.jpg,the man is holding a snowboard in his hand,a man holding a motorcycle while sitting on a motorcycle,a man riding on the back of a motorcycle in the dirt
frame0-03-25.51.jpg,a man with a helmet on a dirt bike,a man wearing winter clothes holds up a helmet on top of a motorcycle,a bald headed man holds a helmet and a scooter
frame0-03-26.01.jpg,a man with gloves on is holding some skis,the man stands next to his bike in the desert,there is a man with a skateboard in a desert
frame0-03-26.51.jpg,"a man in a white, orange and black jacket holding something",a man standing next to a dirt bike on the road,a man with a helmet holds his bike
frame0-03-27.01.jpg,a man is walking and carrying a motor bike,a man in an outfit with a helmet and gloves sitting on his motorcycle,a man holding something in his hands outside
frame0-03-27.51.jpg,a man wearing a leather motorcycle vest holding something in one hand and wearing a helmet,a man with dirt bike in the background,a man sits on his motorcycle with a helmet on
frame0-03-28.01.jpg,a man with a helmet and riding a motorcycle,a man in his motorcycle gear on a desert landscape,a man sitting on top of a motorcycle in the desert
frame0-03-28.51.jpg,a man riding a motorcycle on top of dirt,a man standing next to a dirt bike on a field,a man sitting on top of a dirt motorcycle
frame0-03-29.01.jpg,there is a man standing next to his motor bike,a man standing next to his dirt bike in the desert,a man with a helmet stands next to his bike
frame0-03-29.51.jpg,a man is standing next to a motorcycle,the man in yellow jacket is standing next to his motorcycle,a man stands in the middle of a sandy area
frame0-03-30.01.jpg,the man is posing for the camera next to a dirt bike,a person riding on a motorcycle down a dirt road,man on dirt bike with helmet on dirt area
frame0-03-30.51.jpg,a man in an orange and black jacket and helmet,a man in black and orange jacket standing in dirt,a man holding a helmet standing near his bike
frame0-03-31.01.jpg,a person standing near his motorcycle with dirt on the ground,a man standing beside a motorcycle in the dirt,there is a man on the dirt bike
frame0-03-31.51.jpg,man with a dirt bike in desert area,a man standing next to a motorcycle with no helmets on,the man is standing near a motorcycle in a barren area
frame0-03-32.01.jpg,a man with a motorcycle helmet stands in the dirt,a person wearing an open jacket standing next to their motorcycle,a man wearing an orange and black outfit posing by his motor bike
frame0-03-32.51.jpg,a man riding on top of a dirt bike next to a dry field,a bald man with an open shirt holding onto a helmet,a man holds his hand up in the air
frame0-03-33.01.jpg,there is a man in an orange jacket riding his motorcycle,man stands near a dirt hill in the desert,a man is standing in the desert with a motorcycle
frame0-03-33.51.jpg,a man is wearing a yellow jacket on his motorbike,a man wearing a helmet with his bike,a man is posing with his motorcycle
frame0-03-34.01.jpg,a man standing next to his motorcycle outside,man in the desert on motorcycle with a helmet and gloves,the man is outside by his bike in the desert
frame0-03-34.51.jpg,a man holds up a baseball glove that is attached to his glove,a guy in black and orange gear holding up a motorcycle glove,man holding up a motorcycle helmet and glove
frame0-03-35.01.jpg,a person on a dirt bike with a helmet,a man in the desert holding up something to the camera,a man holding onto a bicycle on a dirt road
frame0-03-35.52.jpg,a man with gloves and a helmet standing next to a motor bike,a man standing in the dirt with his bike,a man holding up a helmet in the dirt
frame0-03-36.02.jpg,the man is standing next to his motorcycle,a man holding up his motorcycle in a desert,a man wearing skis holding up an umbrella
frame0-03-36.52.jpg,a person holding a helmet in his hand in a desert,a man is holding a motorcycle in the middle of a field,a man is outside wearing some gear
frame0-03-37.02.jpg,man sitting on motorcycle in dirt area near dry terrain,a man that is standing with a bike,man standing with bicycle in an open field
frame0-03-37.52.jpg,a man in an orange and black jacket sitting on a motorcycle,the man is wearing a helmet while standing next to a motorcycle,a man standing next to his bicycle in the desert
frame0-03-38.02.jpg,a balding man standing next to his motorcycle in a dirt field,a man in the desert with a small bike,a man with helmet on stands next to his motorcycle
frame0-03-38.52.jpg,a man is standing near some dirt and holding his motorcycle,a man in a vest stands with his bike,a man standing next to a motorcycle in the middle of a dirt field
frame0-03-39.02.jpg,man holding a bike in a barren place,a man standing next to a bike on a dirt road,a man with an open jacket stands with his bike
frame0-03-39.52.jpg,the man stands holding his bike in the desert,a man with gloves holding a snowboard near the sand,a bald man is posing for a photo
frame0-03-40.02.jpg,man on desert road with bike wearing protective gear,the man is standing next to his bike in the dirt,a man stands in the dirt with his bike
frame0-03-40.52.jpg,a man on a motorcycle wearing a helmet,a man standing next to a motorcycle with a helmet and gloves,a man holding a bike in the sand in a desert
frame0-03-41.02.jpg,a man in a helmet sitting next to a bike,a man wearing gloves holding a ski pole in the desert,a balding man in the desert holding his bike helmet and gloves
frame0-03-41.52.jpg,a man standing in the middle of nowhere on a dirt bike,a man with a helmet and gloves standing next to a dirt bike,a man standing next to a parked motorcycle in the dirt
frame0-03-42.02.jpg,a man sitting on top of a dirt bike,a man stands in the desert with his dirt bike,a man standing in the sand holding a helmet and gloves
frame0-03-42.52.jpg,the man is holding his bike outside by himself,a man sitting on top of a motorcycle next to a mountain,a man holding onto his bicycle near a dirt field
frame0-03-43.02.jpg,"a man with gloves and gloves on, is standing in the sand",a person standing next to a dirt bike,a man in black and yellow jacket standing near bike
frame0-03-43.52.jpg,a man in an orange jacket and helmet standing by his motorcycle,a man in an orange jacket holding his helmet and some skis,a man that is standing up next to a dirt bike
frame0-03-44.02.jpg,a man standing on the side of a dirt road,man with gloves standing in the sand in front of a small hill,"a man with a helmet and gloves on, posing for the camera"
frame0-03-44.52.jpg,a man is standing by his bike in the desert,a man is standing with his bike in the desert,a man standing next to his motorcycle outside
frame0-03-45.02.jpg,a man with a helmet and gloves standing next to his bike,a man holding a motorcycle in the desert,a man wearing a helmet holding onto his bike
frame0-03-45.53.jpg,a man holds a snowboard and stands next to a bike,the man wearing his dirt bike and helmet is talking to someone in the desert,a man in yellow and black jacket holding a snowboard
frame0-03-46.03.jpg,there is a male biker sitting on his motorcycle,a man wearing a yellow jacket and helmet poses with his dirt bike,the man is sitting on his bike in the desert
frame0-03-46.53.jpg,man sitting on motorcycle next to dirt and arid area,a man sitting on a motorcycle in the dirt,a man holding a motorcycle parked in front of him
frame0-03-47.03.jpg,a man wearing a jacket standing with his dirt bike,a guy standing in the desert with some equipment,a man in an orange and white jacket holding up a snowboard
frame0-03-47.53.jpg,a man holding two motorcycle gears and wearing a jacket,a man holding his motorcycle in the desert,a man on a dirt road with a motorcycle
frame0-03-48.03.jpg,a man standing next to his bike on the ground,"a man on his bike, smiling for the camera",a man sitting on top of a motorcycle on a dirt field
frame0-03-48.53.jpg,"man posing in front of dirt bike, surrounded by trees",a man that is standing up in the dirt with a motor bike,a man wearing an old motorcycle uniform with a motocross bike
frame0-03-49.03.jpg,man wearing yellow and black next to his dirt bike,a man standing with his motorcycle in a field,man posing for photo while on motorcycle next to tree
frame0-03-49.53.jpg,this man is wearing an orange shirt and has a motorbike,a man standing next to a parked motorcycle,a man on a dirt bike posing for the camera
frame0-03-50.03.jpg,a man standing next to a motorcycle in a field,a person standing next to a dirt bike in the grass,a man with a motorcycle that is sitting in the grass
frame0-03-50.53.jpg,a man standing by his bike on a field,a man standing next to his motorcycle with dirt pants on,a man in a fireman uniform holding a motorcycle
frame0-03-51.03.jpg,a man stands next to his motorcycle and is posing for a picture,a man stands next to his motorcycle in a field,a man in yellow shirt standing by a motorcycle
frame0-03-51.53.jpg,a man stands next to his dirt bike,a man holding onto his motor cycle by the side of the road,a man stands next to his dirt bike near a tree
frame0-03-52.03.jpg,a man is posing with his bike in the field,a man in yellow is standing next to a motorcycle,the man is holding his dirt bike by a tree
frame0-03-52.53.jpg,a man with gloves on holding onto a dirt bike,a man holding a bike standing in the woods,a man in yellow suit with bike in dirt field
frame0-03-53.03.jpg,a man holding a bicycle standing by a tree,man with glasses standing in dirt area next to parked motor bike,there is a man in the grass next to his bike
frame0-03-53.53.jpg,a man wearing a yellow and red uniform holding a dirt bike,a person that is holding something on their bike,a man in orange with a yellow shirt on stands next to a motorcycle in front of a tree
frame0-03-54.00.jpg,a man standing by his dirt bike on the side of a road,a person standing by his dirt bike in the grass,a man standing next to a motorcycle on a dirt ground
frame0-03-54.50.jpg,the man in yellow is posing for a photo near his bike,there is a man that is standing next to a motorbike,a man in yellow and orange clothes next to a motorcycle
frame0-03-55.00.jpg,man with dirt bike in an open field,man in yellow shirt standing next to motorbike,a guy on his dirt bike wearing an outfit
frame0-03-55.50.jpg,the man is wearing protective gear and standing next to his motorcycle,a man in yellow and black is holding a dirt bike,a man in protective gear standing with a motorcycle
frame0-03-56.00.jpg,a man standing next to a motorcycle on a dirt road,man in yellow gear next to motor bike,a man in yellow holding onto a bike
frame0-03-56.50.jpg,a man standing beside a dirt bike,a man standing next to a dirt bike,a man in dirt gear next to a dirt bike
frame0-03-57.00.jpg,a man wearing a motorcycle helmet while standing next to a dirt bike,a man in yellow clothing standing next to a bike,man standing next to a dirt bike in the desert
frame0-03-57.50.jpg,the man is standing next to a parked dirt bike,man holding up his dirt bike in the field,a man is standing next to a motorcycle in the field
frame0-03-58.00.jpg,a man holding his bike and a dirt bike,a man standing next to a motorcycle in a wooded area,a man standing next to his dirt bike
frame0-03-58.50.jpg,a man is standing next to a bike in the dirt,a man standing next to a motorcycle with trees in the background,a man is standing with a dirt bike near a tree
frame0-03-59.01.jpg,a man wearing yellow and black clothes is standing by his motorcycle,a man is standing with his dirt bike,man standing next to his motorcycle in a field
frame0-03-59.51.jpg,a man is standing in front of a dirt bike,a man holding a motorcycle helmet standing in front of a dirt bike,a man standing next to a dirt bike
frame0-04-00.01.jpg,a man in an orange and yellow t - shirt standing next to his dirt bike,a man standing next to his dirt bike,"a man standing by his dirt bike, and wearing the bib"
frame0-04-00.51.jpg,a guy that is standing next to his dirt bike,a man standing next to a dirt bike,a person standing next to a dirt bike
frame0-04-01.01.jpg,a man standing next to a dirt bike,a man holding onto a motorcycle by a tree,the man is standing next to his dirt bike
frame0-04-01.51.jpg,a person standing next to a dirt bike,a man holds up a bottle near his motorbike,a man standing next to a dirt bike under a tree
frame0-04-02.01.jpg,a man wearing a yellow suit holds a dirt bike next to some trees,a man that is standing next to a dirt bike,a man in yellow is holding his bike
frame0-04-02.51.jpg,man in yellow and black jersey with motorcycle in dirt field,the man stands by his motorcycle near some trees,a man is standing next to a dirt bike in the shade
frame0-04-03.01.jpg,a man standing next to his dirt bike on the ground,a man in a yellow outfit standing beside his motorcycle,a man standing next to a motorcycle in a field
frame0-04-03.51.jpg,a man stands by a dirt bike and is holding a helmet,a man is holding a dirt bike in a field,a man in a yellow shirt standing next to a dirt bike
frame0-04-04.01.jpg,man standing in the grass next to a motorcycle,a man is posing with his bike next to a tree,a person standing next to a motorcycle in a field
frame0-04-04.51.jpg,a person standing next to a dirt bike and tree,an image of man with a dirt bike in the woods,a man wearing an orange shirt and black pants with a motorcycle in front of him
frame0-04-05.01.jpg,a man stands next to his dirt bike,a man stands next to his dirt bike in a field,a man that is standing in the grass near a bike
frame0-04-05.51.jpg,there is a man standing next to a motor bike,there is a man standing by a dirt bike,man with an orange shirt on his back stands by a dirt bike
frame0-04-06.01.jpg,a man holding onto a motorcycle in the middle of the dirt,a man with a dirt bike leaning on a tree,a man holding onto a tree while standing next to a bike
frame0-04-06.51.jpg,a man on a motorbike holding onto the tree,a person posing next to a dirt bike,a man standing in front of a bike on the ground
frame0-04-07.01.jpg,a person standing next to a dirt bike,a man holding onto a motorcycle leaning on a tree,a person wearing a shirt standing next to a bike
frame0-04-07.51.jpg,a man stands next to a dirt bike by a tree,a man poses with his dirt bike in a field,a man holding onto a tree standing next to his motorcycle
frame0-04-08.01.jpg,there is a man on a dirt bike drinking water,a man wearing red pants stands next to his motorcycle,a man standing next to a dirt bike drinking water
frame0-04-08.51.jpg,man drinking from a bottle while standing next to a motorcycle,the man standing by his bike is drinking a beer,a man that is standing in the grass with a motorcycle
frame0-04-09.02.jpg,a man with an orange jersey standing next to a red motorcycle,a man standing next to his dirt bike in the middle of a field,a man standing next to a dirt bike on a field
frame0-04-09.52.jpg,the man is on his bike by himself in the field,there is a person holding his bike in his hand,a man standing next to a dirt bike
frame0-04-10.02.jpg,a man standing next to a motorcycle in a field,a man holding onto his bike in the field,a man with a bike standing next to a small dirt bike
frame0-04-10.52.jpg,a man standing next to a dirt bike in front of a tree,a man holding onto a bicycle in a field,a man in a yellow outfit holding onto his motor bike
frame0-04-11.02.jpg,a man is standing near his motorcycle and tree,a man that is standing next to his bike,a man is standing next to his motorcycle
frame0-04-11.52.jpg,man standing next to parked motorcycle in the grass,a man holding onto the seat of a motorcycle,a man is standing in the shade by his dirt bike
frame0-04-12.02.jpg,the young person is posing with a motorcycle,a man standing in a field next to his dirt bike,a man holding his bicycle and standing in front of a motorcycle
frame0-04-12.52.jpg,man holding onto small motorcycle while wearing orange and yellow clothes,a man stands next to a dirt bike with a tree behind it,a man wearing an yellow t - shirt holding a black bike
frame0-04-13.02.jpg,man standing beside his dirt bike next to a small tree,a man standing in front of a dirt bike,a man stands with his bike under trees
frame0-04-13.52.jpg,man in full protective clothing stands near his dirt bike,there is a man holding onto his motor bike,a man stands in a field next to his dirt bike
frame0-04-14.02.jpg,a man with a dirt bike standing next to a tree,a man in his late 80s gear and helmet stands beside a dirt bike,a man in yellow is holding a red dirt bike
frame0-04-14.52.jpg,the man is standing beside the motorcycle in the field,a man holding a bike next to a dirt field,a person standing next to a motorcycle and holding on to a pole
frame0-04-15.02.jpg,the man stands in a field with his motorcycle,a man wearing an orange and black jacket standing next to a motorcycle,man posing for a photo in front of his motorbike
frame0-04-15.52.jpg,a man is standing next to a dirt bike,a person that is standing near a motorcycle,a man is standing next to his bike in the dirt
frame0-04-16.02.jpg,a man in full gear standing by his motorbike,a man with a yellow vest standing near a bike,a man in a yellow and black jersey next to his dirt bike
frame0-04-16.52.jpg,a man with his bike on the dirt road,a man standing next to a dirt bike in a field,a man is holding his dirt bike outside in a field
frame0-04-17.02.jpg,a man wearing yellow stands next to his bike,a man standing next to his dirt bike,a man in yellow pants and a helmet holding his bike
frame0-04-17.52.jpg,a man with dirt bike standing next to a tree,a man is standing in the dirt near a motorcycle,a man stands next to his bike near a tree
frame0-04-18.02.jpg,the man is on a dirt bike with a helmet,a man on a dirt bike stands by trees,a man with gloves on is next to a dirt bike
frame0-04-18.52.jpg,man in yellow and black outfit standing next to dirt bike,man in an open area with his motorcycle,a man is holding a bicycle behind his back
frame0-04-19.03.jpg,a person in yellow is next to a dirt bike,a man standing beside his motorcycle in the dirt,the young man is posing for a picture by his motorcycle
frame0-04-19.53.jpg,a man standing next to his dirt bike in the grass,a man wearing yellow and orange posing next to a dirt bike,a bald headed man standing next to his dirt bike
frame0-04-20.03.jpg,a man is standing near a dirt bike,a person standing near a motorcycle on a dirt path,a man holding his motorcycle standing in a field
frame0-04-20.53.jpg,a man wearing an orange shirt standing in a field with his dirt bike,a person that is standing next to a bike,man standing in field with dirt bike and trees
frame0-04-21.03.jpg,a man standing beside a motor bike in the middle of a field,a man is standing in the desert by his dirt bike,a man standing next to a motor bike in the dirt
frame0-04-21.53.jpg,man standing beside his dirt bike near a tree,a man wearing a dirt bike costume stands next to his motorcycle,a man in yellow is standing with his bike
frame0-04-22.03.jpg,a man holding a motorcycle is next to a small tree,a man standing in a field next to a motorbike,an older man standing next to a motorcycle
frame0-04-22.53.jpg,a person on a dirt bike in the middle of a field,a man in orange and yellow holding a motorcycle,a man with yellow clothes stands next to his dirt bike
frame0-04-23.03.jpg,a man standing next to a motorcycle in a field,a man holding onto a dirt bike in a field,a man wearing a helmet standing next to a motorcycle
frame0-04-23.53.jpg,a man holding a bicycle next to a tree,a man holding a motorcycle helmet is standing in the grass,a man that is standing next to a dirt bike
frame0-04-24.03.jpg,a man standing in the middle of the desert beside his dirt bike,this is an image of a man standing next to a motorcycle,man standing next to motorcycle on dirt path
frame0-04-24.53.jpg,a man standing beside a motorcycle in a field,man in yellow and red dirt suit posing next to his small dirt bike,a man holding a small dirt bike near a tree
frame0-04-25.03.jpg,man wearing yellow and black clothing with a dirt bike,a man in yellow pants and a t - shirt stands next to a motorcycle,a man in a yellow shirt stands near a dirt bike
frame0-04-25.53.jpg,a man holding onto a motorcycle with trees and dirt around him,a man wearing a yellow jersey stands next to a dirt bike,a guy on his motorcycle is standing by the trees
frame0-04-26.03.jpg,a man in yellow is posing with his dirt bike,a man holding a dirt bike in his hands,a person on a dirt bike near trees
frame0-04-26.53.jpg,a man is standing in the dirt holding onto his motorcycle,a man standing next to a motorcycle under a tree,a person on a dirt bike under a tree
frame0-04-27.00.jpg,man with bicycle standing next to large tree,a man standing next to a motorcycle parked on top of grass,a man standing by a dirt bike in the country
frame0-04-27.50.jpg,man in yellow jersey holding a dirt bike,a balding guy stands in a field with his dirt bike,a man standing next to a dirt bike in the forest
frame0-04-28.00.jpg,a man in yellow and black is holding a dirt bike,a man posing for a photo near a dirt bike,the man is holding up his bike on a dirt track
frame0-04-28.50.jpg,this is a man standing next to his motorcycle in the field,a man standing next to a bike in a field,a man standing in the dirt near a parked motorcycle
frame0-04-29.00.jpg,a man on a motor bike next to a small tree,man in helmet and protective gear with dirt bike,a man standing in front of a dirt bike
